id,density,edge_avg_weight,edge_max_weight,edge_min_weight,edge_std_weight,facility_avg_degree,facility_avg_size,facility_max_degree,facility_max_size,facility_min_degree,facility_min_size,facility_std_degree,facility_std_size,num_edges,num_vertices,number_of_rows
AKV_60_05_2.txt,0.49548022598870056,1.3044469783352337,4.0,1.0,0.5525030188543815,29.233333333333334,100.6,49.0,236.0,3.0,4.0,12.170136491519813,69.83342084322281,1754.0,60.0,2.0
AKV_60_05_3.txt,0.49548022598870056,1.3044469783352337,4.0,1.0,0.5525030188543815,29.233333333333334,100.6,49.0,236.0,3.0,4.0,12.170136491519813,69.83342084322281,1754.0,60.0,3.0
AKV_60_05_4.txt,0.49548022598870056,1.3044469783352337,4.0,1.0,0.5525030188543815,29.233333333333334,100.6,49.0,236.0,3.0,4.0,12.170136491519813,69.83342084322281,1754.0,60.0,4.0
AKV_60_05_5.txt,0.49548022598870056,1.3044469783352337,4.0,1.0,0.5525030188543815,29.233333333333334,100.6,49.0,236.0,3.0,4.0,12.170136491519813,69.83342084322281,1754.0,60.0,5.0
AKV_70_05_2.txt,0.9097308488612836,3.566681838871188,16.0,1.0,2.494370640725123,62.77142857142857,145.71428571428572,69.0,280.0,30.0,8.0,7.487458902479968,82.27777739500031,4394.0,70.0,2.0
AKV_70_05_3.txt,0.9097308488612836,3.566681838871188,16.0,1.0,2.494370640725123,62.77142857142857,145.71428571428572,69.0,280.0,30.0,8.0,7.487458902479968,82.27777739500031,4394.0,70.0,3.0
AKV_70_05_4.txt,0.9097308488612836,3.566681838871188,16.0,1.0,2.494370640725123,62.77142857142857,145.71428571428572,69.0,280.0,30.0,8.0,7.487458902479968,82.27777739500031,4394.0,70.0,4.0
AKV_70_05_5.txt,0.9097308488612836,3.566681838871188,16.0,1.0,2.494370640725123,62.77142857142857,145.71428571428572,69.0,280.0,30.0,8.0,7.487458902479968,82.27777739500031,4394.0,70.0,5.0
Am12a_2.txt,0.6818181818181818,4.2,10.0,1.0,2.578543947441828,7.5,26.666666666666668,9.0,80.0,6.0,12.0,1.0408329997330663,18.208667044996886,90.0,12.0,2.0
Am12a_3.txt,0.6818181818181818,4.2,10.0,1.0,2.578543947441828,7.5,26.666666666666668,9.0,80.0,6.0,12.0,1.0408329997330663,18.208667044996886,90.0,12.0,3.0
Am12a_4.txt,0.6818181818181818,4.2,10.0,1.0,2.578543947441828,7.5,26.666666666666668,9.0,80.0,6.0,12.0,1.0408329997330663,18.208667044996886,90.0,12.0,4.0
Am12a_5.txt,0.6818181818181818,4.2,10.0,1.0,2.578543947441828,7.5,26.666666666666668,9.0,80.0,6.0,12.0,1.0408329997330663,18.208667044996886,90.0,12.0,5.0
Am12b_2.txt,0.6818181818181818,4.8,15.0,1.0,3.2632635334721107,7.5,23.666666666666668,9.0,36.0,6.0,12.0,1.0408329997330663,10.514540197058336,90.0,12.0,2.0
Am12b_3.txt,0.6818181818181818,4.8,15.0,1.0,3.2632635334721107,7.5,23.666666666666668,9.0,36.0,6.0,12.0,1.0408329997330663,10.514540197058336,90.0,12.0,3.0
Am12b_4.txt,0.6818181818181818,4.8,15.0,1.0,3.2632635334721107,7.5,23.666666666666668,9.0,36.0,6.0,12.0,1.0408329997330663,10.514540197058336,90.0,12.0,4.0
Am12b_5.txt,0.6818181818181818,4.8,15.0,1.0,3.2632635334721107,7.5,23.666666666666668,9.0,36.0,6.0,12.0,1.0408329997330663,10.514540197058336,90.0,12.0,5.0
Am13a_2.txt,0.717948717948718,4.214285714285714,10.0,1.0,2.5193131555069135,8.615384615384615,27.384615384615383,11.0,80.0,7.0,12.0,1.146128032750103,17.670220326598436,112.0,13.0,2.0
Am13a_3.txt,0.717948717948718,4.214285714285714,10.0,1.0,2.5193131555069135,8.615384615384615,27.384615384615383,11.0,80.0,7.0,12.0,1.146128032750103,17.670220326598436,112.0,13.0,3.0
Am13a_4.txt,0.717948717948718,4.214285714285714,10.0,1.0,2.5193131555069135,8.615384615384615,27.384615384615383,11.0,80.0,7.0,12.0,1.146128032750103,17.670220326598436,112.0,13.0,4.0
Am13a_5.txt,0.717948717948718,4.214285714285714,10.0,1.0,2.5193131555069135,8.615384615384615,27.384615384615383,11.0,80.0,7.0,12.0,1.146128032750103,17.670220326598436,112.0,13.0,5.0
Am13b_2.txt,0.6923076923076923,4.166666666666667,10.0,1.0,2.657971936423487,8.307692307692308,34.76923076923077,10.0,84.0,6.0,12.0,1.2639751327042295,23.710282891456597,108.0,13.0,2.0
Am13b_3.txt,0.6923076923076923,4.166666666666667,10.0,1.0,2.657971936423487,8.307692307692308,34.76923076923077,10.0,84.0,6.0,12.0,1.2639751327042295,23.710282891456597,108.0,13.0,3.0
Am13b_4.txt,0.6923076923076923,4.166666666666667,10.0,1.0,2.657971936423487,8.307692307692308,34.76923076923077,10.0,84.0,6.0,12.0,1.2639751327042295,23.710282891456597,108.0,13.0,4.0
Am13b_5.txt,0.6923076923076923,4.166666666666667,10.0,1.0,2.657971936423487,8.307692307692308,34.76923076923077,10.0,84.0,6.0,12.0,1.2639751327042295,23.710282891456597,108.0,13.0,5.0
Am15_2.txt,0.7142857142857143,3.96,10.0,1.0,2.5739204856923337,10.0,26.4,12.0,80.0,7.0,12.0,1.4142135623730951,16.8949696655543,150.0,15.0,2.0
Am15_3.txt,0.7142857142857143,3.96,10.0,1.0,2.5739204856923337,10.0,26.4,12.0,80.0,7.0,12.0,1.4142135623730951,16.8949696655543,150.0,15.0,3.0
Am15_4.txt,0.7142857142857143,3.96,10.0,1.0,2.5739204856923337,10.0,26.4,12.0,80.0,7.0,12.0,1.4142135623730951,16.8949696655543,150.0,15.0,4.0
Am15_5.txt,0.7142857142857143,3.96,10.0,1.0,2.5739204856923337,10.0,26.4,12.0,80.0,7.0,12.0,1.4142135623730951,16.8949696655543,150.0,15.0,5.0
CAP_n60_p30_s30_1_2.txt,0.31412429378531076,5.703237410071942,10.0,1.0,2.8907052028070486,18.533333333333335,42.733333333333334,26.0,80.0,10.0,4.0,3.523571420527127,22.609634131395303,1112.0,60.0,2.0
CAP_n60_p30_s30_1_3.txt,0.31412429378531076,5.703237410071942,10.0,1.0,2.8907052028070486,18.533333333333335,42.733333333333334,26.0,80.0,10.0,4.0,3.523571420527127,22.609634131395303,1112.0,60.0,3.0
CAP_n60_p30_s30_1_4.txt,0.31412429378531076,5.703237410071942,10.0,1.0,2.8907052028070486,18.533333333333335,42.733333333333334,26.0,80.0,10.0,4.0,3.523571420527127,22.609634131395303,1112.0,60.0,4.0
CAP_n60_p30_s30_1_5.txt,0.31412429378531076,5.703237410071942,10.0,1.0,2.8907052028070486,18.533333333333335,42.733333333333334,26.0,80.0,10.0,4.0,3.523571420527127,22.609634131395303,1112.0,60.0,5.0
CAP_n60_p30_s30_2_2.txt,0.3129943502824859,5.536101083032491,10.0,1.0,2.8493390133304466,18.466666666666665,42.266666666666666,28.0,80.0,10.0,4.0,3.9852505846210247,23.35085056742521,1108.0,60.0,2.0
CAP_n60_p30_s30_2_3.txt,0.3129943502824859,5.536101083032491,10.0,1.0,2.8493390133304466,18.466666666666665,42.266666666666666,28.0,80.0,10.0,4.0,3.9852505846210247,23.35085056742521,1108.0,60.0,3.0
CAP_n60_p30_s30_2_4.txt,0.3129943502824859,5.536101083032491,10.0,1.0,2.8493390133304466,18.466666666666665,42.266666666666666,28.0,80.0,10.0,4.0,3.9852505846210247,23.35085056742521,1108.0,60.0,4.0
CAP_n60_p30_s30_2_5.txt,0.3129943502824859,5.536101083032491,10.0,1.0,2.8493390133304466,18.466666666666665,42.266666666666666,28.0,80.0,10.0,4.0,3.9852505846210247,23.35085056742521,1108.0,60.0,5.0
CAP_n60_p30_s30_3_2.txt,0.280225988700565,5.348790322580645,10.0,1.0,2.823668425185612,16.533333333333335,40.2,24.0,80.0,10.0,4.0,3.28870119584549,21.158764929299,992.0,60.0,2.0
CAP_n60_p30_s30_3_3.txt,0.280225988700565,5.348790322580645,10.0,1.0,2.823668425185612,16.533333333333335,40.2,24.0,80.0,10.0,4.0,3.28870119584549,21.158764929299,992.0,60.0,3.0
CAP_n60_p30_s30_3_4.txt,0.280225988700565,5.348790322580645,10.0,1.0,2.823668425185612,16.533333333333335,40.2,24.0,80.0,10.0,4.0,3.28870119584549,21.158764929299,992.0,60.0,4.0
CAP_n60_p30_s30_3_5.txt,0.280225988700565,5.348790322580645,10.0,1.0,2.823668425185612,16.533333333333335,40.2,24.0,80.0,10.0,4.0,3.28870119584549,21.158764929299,992.0,60.0,5.0
CAP_n60_p30_s40_1_2.txt,0.28192090395480224,5.482965931863728,10.0,1.0,2.8194163648028163,16.633333333333333,34.06666666666667,25.0,76.0,7.0,4.0,3.5588699829518298,20.816553242285067,998.0,60.0,2.0
CAP_n60_p30_s40_1_3.txt,0.28192090395480224,5.482965931863728,10.0,1.0,2.8194163648028163,16.633333333333333,34.06666666666667,25.0,76.0,7.0,4.0,3.5588699829518298,20.816553242285067,998.0,60.0,3.0
CAP_n60_p30_s40_1_4.txt,0.28192090395480224,5.482965931863728,10.0,1.0,2.8194163648028163,16.633333333333333,34.06666666666667,25.0,76.0,7.0,4.0,3.5588699829518298,20.816553242285067,998.0,60.0,4.0
CAP_n60_p30_s40_1_5.txt,0.28192090395480224,5.482965931863728,10.0,1.0,2.8194163648028163,16.633333333333333,34.06666666666667,25.0,76.0,7.0,4.0,3.5588699829518298,20.816553242285067,998.0,60.0,5.0
CAP_n60_p30_s40_2_2.txt,0.31864406779661014,5.352836879432624,10.0,1.0,2.9663555083233866,18.8,34.266666666666666,26.0,80.0,11.0,4.0,3.6092473823037783,19.682366614702502,1128.0,60.0,2.0
CAP_n60_p30_s40_2_3.txt,0.31864406779661014,5.352836879432624,10.0,1.0,2.9663555083233866,18.8,34.266666666666666,26.0,80.0,11.0,4.0,3.6092473823037783,19.682366614702502,1128.0,60.0,3.0
CAP_n60_p30_s40_2_4.txt,0.31864406779661014,5.352836879432624,10.0,1.0,2.9663555083233866,18.8,34.266666666666666,26.0,80.0,11.0,4.0,3.6092473823037783,19.682366614702502,1128.0,60.0,4.0
CAP_n60_p30_s40_2_5.txt,0.31864406779661014,5.352836879432624,10.0,1.0,2.9663555083233866,18.8,34.266666666666666,26.0,80.0,11.0,4.0,3.6092473823037783,19.682366614702502,1128.0,60.0,5.0
CAP_n60_p30_s40_3_2.txt,0.3045197740112994,5.571428571428571,10.0,1.0,2.844778441017624,17.966666666666665,34.666666666666664,25.0,80.0,12.0,4.0,3.0439375084839635,20.075413376123098,1078.0,60.0,2.0
CAP_n60_p30_s40_3_3.txt,0.3045197740112994,5.571428571428571,10.0,1.0,2.844778441017624,17.966666666666665,34.666666666666664,25.0,80.0,12.0,4.0,3.0439375084839635,20.075413376123098,1078.0,60.0,3.0
CAP_n60_p30_s40_3_4.txt,0.3045197740112994,5.571428571428571,10.0,1.0,2.844778441017624,17.966666666666665,34.666666666666664,25.0,80.0,12.0,4.0,3.0439375084839635,20.075413376123098,1078.0,60.0,4.0
CAP_n60_p30_s40_3_5.txt,0.3045197740112994,5.571428571428571,10.0,1.0,2.844778441017624,17.966666666666665,34.666666666666664,25.0,80.0,12.0,4.0,3.0439375084839635,20.075413376123098,1078.0,60.0,5.0
CAP_n60_p30_s50_1_2.txt,0.2734463276836158,5.526859504132231,10.0,1.0,2.8714362844459567,16.133333333333333,28.466666666666665,26.0,80.0,9.0,4.0,3.4130468629787205,18.490958751659026,968.0,60.0,2.0
CAP_n60_p30_s50_1_3.txt,0.2734463276836158,5.526859504132231,10.0,1.0,2.8714362844459567,16.133333333333333,28.466666666666665,26.0,80.0,9.0,4.0,3.4130468629787205,18.490958751659026,968.0,60.0,3.0
CAP_n60_p30_s50_1_4.txt,0.2734463276836158,5.526859504132231,10.0,1.0,2.8714362844459567,16.133333333333333,28.466666666666665,26.0,80.0,9.0,4.0,3.4130468629787205,18.490958751659026,968.0,60.0,4.0
CAP_n60_p30_s50_1_5.txt,0.2734463276836158,5.526859504132231,10.0,1.0,2.8714362844459567,16.133333333333333,28.466666666666665,26.0,80.0,9.0,4.0,3.4130468629787205,18.490958751659026,968.0,60.0,5.0
CAP_n60_p30_s50_2_2.txt,0.28757062146892653,5.410609037328094,10.0,1.0,2.8426939791910297,16.966666666666665,29.266666666666666,25.0,80.0,11.0,4.0,2.994253756039317,19.452392026574923,1018.0,60.0,2.0
CAP_n60_p30_s50_2_3.txt,0.28757062146892653,5.410609037328094,10.0,1.0,2.8426939791910297,16.966666666666665,29.266666666666666,25.0,80.0,11.0,4.0,2.994253756039317,19.452392026574923,1018.0,60.0,3.0
CAP_n60_p30_s50_2_4.txt,0.28757062146892653,5.410609037328094,10.0,1.0,2.8426939791910297,16.966666666666665,29.266666666666666,25.0,80.0,11.0,4.0,2.994253756039317,19.452392026574923,1018.0,60.0,4.0
CAP_n60_p30_s50_2_5.txt,0.28757062146892653,5.410609037328094,10.0,1.0,2.8426939791910297,16.966666666666665,29.266666666666666,25.0,80.0,11.0,4.0,2.994253756039317,19.452392026574923,1018.0,60.0,5.0
CAP_n60_p30_s50_3_2.txt,0.28361581920903955,5.131474103585657,10.0,1.0,2.7784467518588576,16.733333333333334,30.333333333333332,25.0,80.0,7.0,4.0,3.780946383586463,18.60883899895125,1004.0,60.0,2.0
CAP_n60_p30_s50_3_3.txt,0.28361581920903955,5.131474103585657,10.0,1.0,2.7784467518588576,16.733333333333334,30.333333333333332,25.0,80.0,7.0,4.0,3.780946383586463,18.60883899895125,1004.0,60.0,3.0
CAP_n60_p30_s50_3_4.txt,0.28361581920903955,5.131474103585657,10.0,1.0,2.7784467518588576,16.733333333333334,30.333333333333332,25.0,80.0,7.0,4.0,3.780946383586463,18.60883899895125,1004.0,60.0,4.0
CAP_n60_p30_s50_3_5.txt,0.28361581920903955,5.131474103585657,10.0,1.0,2.7784467518588576,16.733333333333334,30.333333333333332,25.0,80.0,7.0,4.0,3.780946383586463,18.60883899895125,1004.0,60.0,5.0
CAP_n60_p30_s60_1_2.txt,0.32655367231638416,5.690311418685121,10.0,1.0,2.863553864251235,19.266666666666666,21.533333333333335,30.0,40.0,13.0,4.0,3.7853518844209035,12.156571153998245,1156.0,60.0,2.0
CAP_n60_p30_s60_1_3.txt,0.32655367231638416,5.690311418685121,10.0,1.0,2.863553864251235,19.266666666666666,21.533333333333335,30.0,40.0,13.0,4.0,3.7853518844209035,12.156571153998245,1156.0,60.0,3.0
CAP_n60_p30_s60_1_4.txt,0.32655367231638416,5.690311418685121,10.0,1.0,2.863553864251235,19.266666666666666,21.533333333333335,30.0,40.0,13.0,4.0,3.7853518844209035,12.156571153998245,1156.0,60.0,4.0
CAP_n60_p30_s60_1_5.txt,0.32655367231638416,5.690311418685121,10.0,1.0,2.863553864251235,19.266666666666666,21.533333333333335,30.0,40.0,13.0,4.0,3.7853518844209035,12.156571153998245,1156.0,60.0,5.0
CAP_n60_p30_s60_2_2.txt,0.2887005649717514,5.743639921722114,10.0,1.0,2.845471160413821,17.033333333333335,24.133333333333333,28.0,40.0,9.0,4.0,3.8339129996504724,11.002221997800667,1022.0,60.0,2.0
CAP_n60_p30_s60_2_3.txt,0.2887005649717514,5.743639921722114,10.0,1.0,2.845471160413821,17.033333333333335,24.133333333333333,28.0,40.0,9.0,4.0,3.8339129996504724,11.002221997800667,1022.0,60.0,3.0
CAP_n60_p30_s60_2_4.txt,0.2887005649717514,5.743639921722114,10.0,1.0,2.845471160413821,17.033333333333335,24.133333333333333,28.0,40.0,9.0,4.0,3.8339129996504724,11.002221997800667,1022.0,60.0,4.0
CAP_n60_p30_s60_2_5.txt,0.2887005649717514,5.743639921722114,10.0,1.0,2.845471160413821,17.033333333333335,24.133333333333333,28.0,40.0,9.0,4.0,3.8339129996504724,11.002221997800667,1022.0,60.0,5.0
CAP_n60_p30_s60_3_2.txt,0.29717514124293787,5.564638783269962,10.0,1.0,2.8349067625606685,17.533333333333335,20.133333333333333,24.0,40.0,8.0,4.0,3.551838334659329,10.831230565155357,1052.0,60.0,2.0
CAP_n60_p30_s60_3_3.txt,0.29717514124293787,5.564638783269962,10.0,1.0,2.8349067625606685,17.533333333333335,20.133333333333333,24.0,40.0,8.0,4.0,3.551838334659329,10.831230565155357,1052.0,60.0,3.0
CAP_n60_p30_s60_3_4.txt,0.29717514124293787,5.564638783269962,10.0,1.0,2.8349067625606685,17.533333333333335,20.133333333333333,24.0,40.0,8.0,4.0,3.551838334659329,10.831230565155357,1052.0,60.0,4.0
CAP_n60_p30_s60_3_5.txt,0.29717514124293787,5.564638783269962,10.0,1.0,2.8349067625606685,17.533333333333335,20.133333333333333,24.0,40.0,8.0,4.0,3.551838334659329,10.831230565155357,1052.0,60.0,5.0
CAP_n60_p60_s30_1_2.txt,0.6141242937853107,5.446182152713892,10.0,1.0,2.8524915521587184,36.233333333333334,43.53333333333333,45.0,80.0,28.0,4.0,3.537261966863951,24.777319377922133,2174.0,60.0,2.0
CAP_n60_p60_s30_1_3.txt,0.6141242937853107,5.446182152713892,10.0,1.0,2.8524915521587184,36.233333333333334,43.53333333333333,45.0,80.0,28.0,4.0,3.537261966863951,24.777319377922133,2174.0,60.0,3.0
CAP_n60_p60_s30_1_4.txt,0.6141242937853107,5.446182152713892,10.0,1.0,2.8524915521587184,36.233333333333334,43.53333333333333,45.0,80.0,28.0,4.0,3.537261966863951,24.777319377922133,2174.0,60.0,4.0
CAP_n60_p60_s30_1_5.txt,0.6141242937853107,5.446182152713892,10.0,1.0,2.8524915521587184,36.233333333333334,43.53333333333333,45.0,80.0,28.0,4.0,3.537261966863951,24.777319377922133,2174.0,60.0,5.0
CAP_n60_p60_s30_2_2.txt,0.5909604519774011,5.463671128107075,10.0,1.0,2.8186281976699026,34.86666666666667,40.93333333333333,45.0,80.0,26.0,4.0,3.774770044504551,21.70550365434741,2092.0,60.0,2.0
CAP_n60_p60_s30_2_3.txt,0.5909604519774011,5.463671128107075,10.0,1.0,2.8186281976699026,34.86666666666667,40.93333333333333,45.0,80.0,26.0,4.0,3.774770044504551,21.70550365434741,2092.0,60.0,3.0
CAP_n60_p60_s30_2_4.txt,0.5909604519774011,5.463671128107075,10.0,1.0,2.8186281976699026,34.86666666666667,40.93333333333333,45.0,80.0,26.0,4.0,3.774770044504551,21.70550365434741,2092.0,60.0,4.0
CAP_n60_p60_s30_2_5.txt,0.5909604519774011,5.463671128107075,10.0,1.0,2.8186281976699026,34.86666666666667,40.93333333333333,45.0,80.0,26.0,4.0,3.774770044504551,21.70550365434741,2092.0,60.0,5.0
CAP_n60_p60_s30_3_2.txt,0.6163841807909605,5.467461044912924,10.0,1.0,3.0028393021461834,36.36666666666667,40.53333333333333,46.0,80.0,26.0,4.0,3.915638162831472,22.9488319722135,2182.0,60.0,2.0
CAP_n60_p60_s30_3_3.txt,0.6163841807909605,5.467461044912924,10.0,1.0,3.0028393021461834,36.36666666666667,40.53333333333333,46.0,80.0,26.0,4.0,3.915638162831472,22.9488319722135,2182.0,60.0,3.0
CAP_n60_p60_s30_3_4.txt,0.6163841807909605,5.467461044912924,10.0,1.0,3.0028393021461834,36.36666666666667,40.53333333333333,46.0,80.0,26.0,4.0,3.915638162831472,22.9488319722135,2182.0,60.0,4.0
CAP_n60_p60_s30_3_5.txt,0.6163841807909605,5.467461044912924,10.0,1.0,3.0028393021461834,36.36666666666667,40.53333333333333,46.0,80.0,26.0,4.0,3.915638162831472,22.9488319722135,2182.0,60.0,5.0
CAP_n60_p60_s40_1_2.txt,0.5977401129943503,5.344045368620038,10.0,1.0,2.9151140411959826,35.266666666666666,32.93333333333333,45.0,76.0,26.0,4.0,3.4003267816817586,19.409505117052543,2116.0,60.0,2.0
CAP_n60_p60_s40_1_3.txt,0.5977401129943503,5.344045368620038,10.0,1.0,2.9151140411959826,35.266666666666666,32.93333333333333,45.0,76.0,26.0,4.0,3.4003267816817586,19.409505117052543,2116.0,60.0,3.0
CAP_n60_p60_s40_1_4.txt,0.5977401129943503,5.344045368620038,10.0,1.0,2.9151140411959826,35.266666666666666,32.93333333333333,45.0,76.0,26.0,4.0,3.4003267816817586,19.409505117052543,2116.0,60.0,4.0
CAP_n60_p60_s40_1_5.txt,0.5977401129943503,5.344045368620038,10.0,1.0,2.9151140411959826,35.266666666666666,32.93333333333333,45.0,76.0,26.0,4.0,3.4003267816817586,19.409505117052543,2116.0,60.0,5.0
CAP_n60_p60_s40_2_2.txt,0.611864406779661,5.494921514312096,10.0,1.0,2.8577739091657084,36.1,33.6,43.0,76.0,25.0,4.0,4.044337605426464,21.825978404949762,2166.0,60.0,2.0
CAP_n60_p60_s40_2_3.txt,0.611864406779661,5.494921514312096,10.0,1.0,2.8577739091657084,36.1,33.6,43.0,76.0,25.0,4.0,4.044337605426464,21.825978404949762,2166.0,60.0,3.0
CAP_n60_p60_s40_2_4.txt,0.611864406779661,5.494921514312096,10.0,1.0,2.8577739091657084,36.1,33.6,43.0,76.0,25.0,4.0,4.044337605426464,21.825978404949762,2166.0,60.0,4.0
CAP_n60_p60_s40_2_5.txt,0.611864406779661,5.494921514312096,10.0,1.0,2.8577739091657084,36.1,33.6,43.0,76.0,25.0,4.0,4.044337605426464,21.825978404949762,2166.0,60.0,5.0
CAP_n60_p60_s40_3_2.txt,0.603954802259887,5.431244153414406,10.0,1.0,2.857088152017113,35.63333333333333,37.53333333333333,44.0,80.0,26.0,8.0,4.195102965230877,22.31999601752254,2138.0,60.0,2.0
CAP_n60_p60_s40_3_3.txt,0.603954802259887,5.431244153414406,10.0,1.0,2.857088152017113,35.63333333333333,37.53333333333333,44.0,80.0,26.0,8.0,4.195102965230877,22.31999601752254,2138.0,60.0,3.0
CAP_n60_p60_s40_3_4.txt,0.603954802259887,5.431244153414406,10.0,1.0,2.857088152017113,35.63333333333333,37.53333333333333,44.0,80.0,26.0,8.0,4.195102965230877,22.31999601752254,2138.0,60.0,4.0
CAP_n60_p60_s40_3_5.txt,0.603954802259887,5.431244153414406,10.0,1.0,2.857088152017113,35.63333333333333,37.53333333333333,44.0,80.0,26.0,8.0,4.195102965230877,22.31999601752254,2138.0,60.0,5.0
CAP_n60_p60_s50_1_2.txt,0.5977401129943503,5.61531190926276,10.0,1.0,2.922184222546701,35.266666666666666,28.2,44.0,80.0,26.0,4.0,3.5956764160431467,19.189233092196954,2116.0,60.0,2.0
CAP_n60_p60_s50_1_3.txt,0.5977401129943503,5.61531190926276,10.0,1.0,2.922184222546701,35.266666666666666,28.2,44.0,80.0,26.0,4.0,3.5956764160431467,19.189233092196954,2116.0,60.0,3.0
CAP_n60_p60_s50_1_4.txt,0.5977401129943503,5.61531190926276,10.0,1.0,2.922184222546701,35.266666666666666,28.2,44.0,80.0,26.0,4.0,3.5956764160431467,19.189233092196954,2116.0,60.0,4.0
CAP_n60_p60_s50_1_5.txt,0.5977401129943503,5.61531190926276,10.0,1.0,2.922184222546701,35.266666666666666,28.2,44.0,80.0,26.0,4.0,3.5956764160431467,19.189233092196954,2116.0,60.0,5.0
CAP_n60_p60_s50_2_2.txt,0.603954802259887,5.536950420954163,10.0,1.0,2.864869055264033,35.63333333333333,27.6,43.0,76.0,25.0,4.0,3.8077406541003933,17.537768767244405,2138.0,60.0,2.0
CAP_n60_p60_s50_2_3.txt,0.603954802259887,5.536950420954163,10.0,1.0,2.864869055264033,35.63333333333333,27.6,43.0,76.0,25.0,4.0,3.8077406541003933,17.537768767244405,2138.0,60.0,3.0
CAP_n60_p60_s50_2_4.txt,0.603954802259887,5.536950420954163,10.0,1.0,2.864869055264033,35.63333333333333,27.6,43.0,76.0,25.0,4.0,3.8077406541003933,17.537768767244405,2138.0,60.0,4.0
CAP_n60_p60_s50_2_5.txt,0.603954802259887,5.536950420954163,10.0,1.0,2.864869055264033,35.63333333333333,27.6,43.0,76.0,25.0,4.0,3.8077406541003933,17.537768767244405,2138.0,60.0,5.0
CAP_n60_p60_s50_3_2.txt,0.5966101694915255,5.62405303030303,10.0,1.0,2.833737001051323,35.2,27.8,42.0,68.0,25.0,4.0,3.9740827033836794,13.845336158191806,2112.0,60.0,2.0
CAP_n60_p60_s50_3_3.txt,0.5966101694915255,5.62405303030303,10.0,1.0,2.833737001051323,35.2,27.8,42.0,68.0,25.0,4.0,3.9740827033836794,13.845336158191806,2112.0,60.0,3.0
CAP_n60_p60_s50_3_4.txt,0.5966101694915255,5.62405303030303,10.0,1.0,2.833737001051323,35.2,27.8,42.0,68.0,25.0,4.0,3.9740827033836794,13.845336158191806,2112.0,60.0,4.0
CAP_n60_p60_s50_3_5.txt,0.5966101694915255,5.62405303030303,10.0,1.0,2.833737001051323,35.2,27.8,42.0,68.0,25.0,4.0,3.9740827033836794,13.845336158191806,2112.0,60.0,5.0
CAP_n60_p60_s60_1_2.txt,0.603954802259887,5.683816651075772,10.0,1.0,2.8761673561338337,35.63333333333333,21.466666666666665,41.0,40.0,27.0,4.0,3.7548487171774165,11.68398714290441,2138.0,60.0,2.0
CAP_n60_p60_s60_1_3.txt,0.603954802259887,5.683816651075772,10.0,1.0,2.8761673561338337,35.63333333333333,21.466666666666665,41.0,40.0,27.0,4.0,3.7548487171774165,11.68398714290441,2138.0,60.0,3.0
CAP_n60_p60_s60_1_4.txt,0.603954802259887,5.683816651075772,10.0,1.0,2.8761673561338337,35.63333333333333,21.466666666666665,41.0,40.0,27.0,4.0,3.7548487171774165,11.68398714290441,2138.0,60.0,4.0
CAP_n60_p60_s60_1_5.txt,0.603954802259887,5.683816651075772,10.0,1.0,2.8761673561338337,35.63333333333333,21.466666666666665,41.0,40.0,27.0,4.0,3.7548487171774165,11.68398714290441,2138.0,60.0,5.0
CAP_n60_p60_s60_2_2.txt,0.6107344632768361,5.491211840888067,10.0,1.0,2.911930626671924,36.03333333333333,23.6,43.0,40.0,29.0,4.0,3.4057141525513988,12.015545486299546,2162.0,60.0,2.0
CAP_n60_p60_s60_2_3.txt,0.6107344632768361,5.491211840888067,10.0,1.0,2.911930626671924,36.03333333333333,23.6,43.0,40.0,29.0,4.0,3.4057141525513988,12.015545486299546,2162.0,60.0,3.0
CAP_n60_p60_s60_2_4.txt,0.6107344632768361,5.491211840888067,10.0,1.0,2.911930626671924,36.03333333333333,23.6,43.0,40.0,29.0,4.0,3.4057141525513988,12.015545486299546,2162.0,60.0,4.0
CAP_n60_p60_s60_2_5.txt,0.6107344632768361,5.491211840888067,10.0,1.0,2.911930626671924,36.03333333333333,23.6,43.0,40.0,29.0,4.0,3.4057141525513988,12.015545486299546,2162.0,60.0,5.0
CAP_n60_p60_s60_3_2.txt,0.5926553672316384,5.438512869399428,10.0,1.0,2.876598337996822,34.96666666666667,20.266666666666666,42.0,40.0,29.0,4.0,3.386082626805725,10.427314557875814,2098.0,60.0,2.0
CAP_n60_p60_s60_3_3.txt,0.5926553672316384,5.438512869399428,10.0,1.0,2.876598337996822,34.96666666666667,20.266666666666666,42.0,40.0,29.0,4.0,3.386082626805725,10.427314557875814,2098.0,60.0,3.0
CAP_n60_p60_s60_3_4.txt,0.5926553672316384,5.438512869399428,10.0,1.0,2.876598337996822,34.96666666666667,20.266666666666666,42.0,40.0,29.0,4.0,3.386082626805725,10.427314557875814,2098.0,60.0,4.0
CAP_n60_p60_s60_3_5.txt,0.5926553672316384,5.438512869399428,10.0,1.0,2.876598337996822,34.96666666666667,20.266666666666666,42.0,40.0,29.0,4.0,3.386082626805725,10.427314557875814,2098.0,60.0,5.0
CAP_n60_p90_s30_1_2.txt,0.9016949152542373,5.389097744360902,10.0,1.0,2.8701394895883117,53.2,41.0,58.0,80.0,49.0,4.0,1.851125783588642,24.05133398933761,3192.0,60.0,2.0
CAP_n60_p90_s30_1_3.txt,0.9016949152542373,5.389097744360902,10.0,1.0,2.8701394895883117,53.2,41.0,58.0,80.0,49.0,4.0,1.851125783588642,24.05133398933761,3192.0,60.0,3.0
CAP_n60_p90_s30_1_4.txt,0.9016949152542373,5.389097744360902,10.0,1.0,2.8701394895883117,53.2,41.0,58.0,80.0,49.0,4.0,1.851125783588642,24.05133398933761,3192.0,60.0,4.0
CAP_n60_p90_s30_1_5.txt,0.9016949152542373,5.389097744360902,10.0,1.0,2.8701394895883117,53.2,41.0,58.0,80.0,49.0,4.0,1.851125783588642,24.05133398933761,3192.0,60.0,5.0
CAP_n60_p90_s30_2_2.txt,0.9005649717514125,5.4974905897114175,10.0,1.0,2.86199625455351,53.13333333333333,36.53333333333333,57.0,80.0,46.0,4.0,2.4390344173235623,23.134005753916075,3188.0,60.0,2.0
CAP_n60_p90_s30_2_3.txt,0.9005649717514125,5.4974905897114175,10.0,1.0,2.86199625455351,53.13333333333333,36.53333333333333,57.0,80.0,46.0,4.0,2.4390344173235623,23.134005753916075,3188.0,60.0,3.0
CAP_n60_p90_s30_2_4.txt,0.9005649717514125,5.4974905897114175,10.0,1.0,2.86199625455351,53.13333333333333,36.53333333333333,57.0,80.0,46.0,4.0,2.4390344173235623,23.134005753916075,3188.0,60.0,4.0
CAP_n60_p90_s30_2_5.txt,0.9005649717514125,5.4974905897114175,10.0,1.0,2.86199625455351,53.13333333333333,36.53333333333333,57.0,80.0,46.0,4.0,2.4390344173235623,23.134005753916075,3188.0,60.0,5.0
CAP_n60_p90_s30_3_2.txt,0.9028248587570622,5.503754693366709,10.0,1.0,2.897657492454781,53.266666666666666,38.666666666666664,57.0,80.0,46.0,4.0,1.9482185594936619,24.26153791955948,3196.0,60.0,2.0
CAP_n60_p90_s30_3_3.txt,0.9028248587570622,5.503754693366709,10.0,1.0,2.897657492454781,53.266666666666666,38.666666666666664,57.0,80.0,46.0,4.0,1.9482185594936619,24.26153791955948,3196.0,60.0,3.0
CAP_n60_p90_s30_3_4.txt,0.9028248587570622,5.503754693366709,10.0,1.0,2.897657492454781,53.266666666666666,38.666666666666664,57.0,80.0,46.0,4.0,1.9482185594936619,24.26153791955948,3196.0,60.0,4.0
CAP_n60_p90_s30_3_5.txt,0.9028248587570622,5.503754693366709,10.0,1.0,2.897657492454781,53.266666666666666,38.666666666666664,57.0,80.0,46.0,4.0,1.9482185594936619,24.26153791955948,3196.0,60.0,5.0
CAP_n60_p90_s40_1_2.txt,0.8932203389830509,5.415559772296016,10.0,1.0,2.863097806743839,52.7,32.4,57.0,76.0,48.0,4.0,1.9773719933285197,21.400311524212288,3162.0,60.0,2.0
CAP_n60_p90_s40_1_3.txt,0.8932203389830509,5.415559772296016,10.0,1.0,2.863097806743839,52.7,32.4,57.0,76.0,48.0,4.0,1.9773719933285197,21.400311524212288,3162.0,60.0,3.0
CAP_n60_p90_s40_1_4.txt,0.8932203389830509,5.415559772296016,10.0,1.0,2.863097806743839,52.7,32.4,57.0,76.0,48.0,4.0,1.9773719933285197,21.400311524212288,3162.0,60.0,4.0
CAP_n60_p90_s40_1_5.txt,0.8932203389830509,5.415559772296016,10.0,1.0,2.863097806743839,52.7,32.4,57.0,76.0,48.0,4.0,1.9773719933285197,21.400311524212288,3162.0,60.0,5.0
CAP_n60_p90_s40_2_2.txt,0.8949152542372881,5.405934343434343,10.0,1.0,2.895920177155598,52.8,32.93333333333333,57.0,80.0,49.0,4.0,1.8330302779823358,22.046818868540246,3168.0,60.0,2.0
CAP_n60_p90_s40_2_3.txt,0.8949152542372881,5.405934343434343,10.0,1.0,2.895920177155598,52.8,32.93333333333333,57.0,80.0,49.0,4.0,1.8330302779823358,22.046818868540246,3168.0,60.0,3.0
CAP_n60_p90_s40_2_4.txt,0.8949152542372881,5.405934343434343,10.0,1.0,2.895920177155598,52.8,32.93333333333333,57.0,80.0,49.0,4.0,1.8330302779823358,22.046818868540246,3168.0,60.0,4.0
CAP_n60_p90_s40_2_5.txt,0.8949152542372881,5.405934343434343,10.0,1.0,2.895920177155598,52.8,32.93333333333333,57.0,80.0,49.0,4.0,1.8330302779823358,22.046818868540246,3168.0,60.0,5.0
CAP_n60_p90_s40_3_2.txt,0.8994350282485876,5.41143216080402,10.0,1.0,2.862589220337572,53.06666666666667,34.733333333333334,57.0,80.0,49.0,4.0,2.227604592880483,22.467655764577568,3184.0,60.0,2.0
CAP_n60_p90_s40_3_3.txt,0.8994350282485876,5.41143216080402,10.0,1.0,2.862589220337572,53.06666666666667,34.733333333333334,57.0,80.0,49.0,4.0,2.227604592880483,22.467655764577568,3184.0,60.0,3.0
CAP_n60_p90_s40_3_4.txt,0.8994350282485876,5.41143216080402,10.0,1.0,2.862589220337572,53.06666666666667,34.733333333333334,57.0,80.0,49.0,4.0,2.227604592880483,22.467655764577568,3184.0,60.0,4.0
CAP_n60_p90_s40_3_5.txt,0.8994350282485876,5.41143216080402,10.0,1.0,2.862589220337572,53.06666666666667,34.733333333333334,57.0,80.0,49.0,4.0,2.227604592880483,22.467655764577568,3184.0,60.0,5.0
CAP_n60_p90_s50_1_2.txt,0.8983050847457628,5.571698113207547,10.0,1.0,2.8568935074023756,53.0,30.266666666666666,57.0,80.0,48.0,4.0,2.04939015319192,18.2627733077123,3180.0,60.0,2.0
CAP_n60_p90_s50_1_3.txt,0.8983050847457628,5.571698113207547,10.0,1.0,2.8568935074023756,53.0,30.266666666666666,57.0,80.0,48.0,4.0,2.04939015319192,18.2627733077123,3180.0,60.0,3.0
CAP_n60_p90_s50_1_4.txt,0.8983050847457628,5.571698113207547,10.0,1.0,2.8568935074023756,53.0,30.266666666666666,57.0,80.0,48.0,4.0,2.04939015319192,18.2627733077123,3180.0,60.0,4.0
CAP_n60_p90_s50_1_5.txt,0.8983050847457628,5.571698113207547,10.0,1.0,2.8568935074023756,53.0,30.266666666666666,57.0,80.0,48.0,4.0,2.04939015319192,18.2627733077123,3180.0,60.0,5.0
CAP_n60_p90_s50_2_2.txt,0.9056497175141243,5.560199625701809,10.0,1.0,2.9314204171286478,53.43333333333333,28.333333333333332,58.0,80.0,46.0,4.0,2.431506163311585,17.30189456549645,3206.0,60.0,2.0
CAP_n60_p90_s50_2_3.txt,0.9056497175141243,5.560199625701809,10.0,1.0,2.9314204171286478,53.43333333333333,28.333333333333332,58.0,80.0,46.0,4.0,2.431506163311585,17.30189456549645,3206.0,60.0,3.0
CAP_n60_p90_s50_2_4.txt,0.9056497175141243,5.560199625701809,10.0,1.0,2.9314204171286478,53.43333333333333,28.333333333333332,58.0,80.0,46.0,4.0,2.431506163311585,17.30189456549645,3206.0,60.0,4.0
CAP_n60_p90_s50_2_5.txt,0.9056497175141243,5.560199625701809,10.0,1.0,2.9314204171286478,53.43333333333333,28.333333333333332,58.0,80.0,46.0,4.0,2.431506163311585,17.30189456549645,3206.0,60.0,5.0
CAP_n60_p90_s50_3_2.txt,0.903954802259887,5.4825,10.0,1.0,2.8674367909336715,53.333333333333336,30.6,58.0,80.0,48.0,4.0,2.2852182001336807,16.179410784491917,3200.0,60.0,2.0
CAP_n60_p90_s50_3_3.txt,0.903954802259887,5.4825,10.0,1.0,2.8674367909336715,53.333333333333336,30.6,58.0,80.0,48.0,4.0,2.2852182001336807,16.179410784491917,3200.0,60.0,3.0
CAP_n60_p90_s50_3_4.txt,0.903954802259887,5.4825,10.0,1.0,2.8674367909336715,53.333333333333336,30.6,58.0,80.0,48.0,4.0,2.2852182001336807,16.179410784491917,3200.0,60.0,4.0
CAP_n60_p90_s50_3_5.txt,0.903954802259887,5.4825,10.0,1.0,2.8674367909336715,53.333333333333336,30.6,58.0,80.0,48.0,4.0,2.2852182001336807,16.179410784491917,3200.0,60.0,5.0
CAP_n60_p90_s60_1_2.txt,0.8943502824858757,5.497789008212255,10.0,1.0,2.8797485173868,52.766666666666666,22.933333333333334,57.0,40.0,48.0,4.0,2.193677784503053,10.246733896981786,3166.0,60.0,2.0
CAP_n60_p90_s60_1_3.txt,0.8943502824858757,5.497789008212255,10.0,1.0,2.8797485173868,52.766666666666666,22.933333333333334,57.0,40.0,48.0,4.0,2.193677784503053,10.246733896981786,3166.0,60.0,3.0
CAP_n60_p90_s60_1_4.txt,0.8943502824858757,5.497789008212255,10.0,1.0,2.8797485173868,52.766666666666666,22.933333333333334,57.0,40.0,48.0,4.0,2.193677784503053,10.246733896981786,3166.0,60.0,4.0
CAP_n60_p90_s60_1_5.txt,0.8943502824858757,5.497789008212255,10.0,1.0,2.8797485173868,52.766666666666666,22.933333333333334,57.0,40.0,48.0,4.0,2.193677784503053,10.246733896981786,3166.0,60.0,5.0
CAP_n60_p90_s60_2_2.txt,0.9016949152542373,5.508145363408521,10.0,1.0,2.889234849221684,53.2,21.466666666666665,58.0,40.0,49.0,4.0,2.3508863576673935,11.72954484292644,3192.0,60.0,2.0
CAP_n60_p90_s60_2_3.txt,0.9016949152542373,5.508145363408521,10.0,1.0,2.889234849221684,53.2,21.466666666666665,58.0,40.0,49.0,4.0,2.3508863576673935,11.72954484292644,3192.0,60.0,3.0
CAP_n60_p90_s60_2_4.txt,0.9016949152542373,5.508145363408521,10.0,1.0,2.889234849221684,53.2,21.466666666666665,58.0,40.0,49.0,4.0,2.3508863576673935,11.72954484292644,3192.0,60.0,4.0
CAP_n60_p90_s60_2_5.txt,0.9016949152542373,5.508145363408521,10.0,1.0,2.889234849221684,53.2,21.466666666666665,58.0,40.0,49.0,4.0,2.3508863576673935,11.72954484292644,3192.0,60.0,5.0
CAP_n60_p90_s60_3_2.txt,0.9056497175141243,5.474111041796632,10.0,1.0,2.820882339436952,53.43333333333333,24.0,59.0,40.0,48.0,4.0,2.525646231935282,11.003029885748138,3206.0,60.0,2.0
CAP_n60_p90_s60_3_3.txt,0.9056497175141243,5.474111041796632,10.0,1.0,2.820882339436952,53.43333333333333,24.0,59.0,40.0,48.0,4.0,2.525646231935282,11.003029885748138,3206.0,60.0,3.0
CAP_n60_p90_s60_3_4.txt,0.9056497175141243,5.474111041796632,10.0,1.0,2.820882339436952,53.43333333333333,24.0,59.0,40.0,48.0,4.0,2.525646231935282,11.003029885748138,3206.0,60.0,4.0
CAP_n60_p90_s60_3_5.txt,0.9056497175141243,5.474111041796632,10.0,1.0,2.820882339436952,53.43333333333333,24.0,59.0,40.0,48.0,4.0,2.525646231935282,11.003029885748138,3206.0,60.0,5.0
N25_01_2.txt,0.6666666666666666,3.755,10.0,1.0,2.448463804102483,16.0,4.0,20.0,4.0,9.0,4.0,2.449489742783178,0.0,400.0,25.0,2.0
N25_01_3.txt,0.6666666666666666,3.755,10.0,1.0,2.448463804102483,16.0,4.0,20.0,4.0,9.0,4.0,2.449489742783178,0.0,400.0,25.0,3.0
N25_01_4.txt,0.6666666666666666,3.755,10.0,1.0,2.448463804102483,16.0,4.0,20.0,4.0,9.0,4.0,2.449489742783178,0.0,400.0,25.0,4.0
N25_01_5.txt,0.6666666666666666,3.755,10.0,1.0,2.448463804102483,16.0,4.0,20.0,4.0,9.0,4.0,2.449489742783178,0.0,400.0,25.0,5.0
N25_02_2.txt,0.6666666666666666,3.755,10.0,1.0,2.448463804102483,16.0,36.8,20.0,60.0,9.0,4.0,2.449489742783178,18.65904606350496,400.0,25.0,2.0
N25_02_3.txt,0.6666666666666666,3.755,10.0,1.0,2.448463804102483,16.0,36.8,20.0,60.0,9.0,4.0,2.449489742783178,18.65904606350496,400.0,25.0,3.0
N25_02_4.txt,0.6666666666666666,3.755,10.0,1.0,2.448463804102483,16.0,36.8,20.0,60.0,9.0,4.0,2.449489742783178,18.65904606350496,400.0,25.0,4.0
N25_02_5.txt,0.6666666666666666,3.755,10.0,1.0,2.448463804102483,16.0,36.8,20.0,60.0,9.0,4.0,2.449489742783178,18.65904606350496,400.0,25.0,5.0
N25_03_2.txt,0.6666666666666666,3.755,10.0,1.0,2.448463804102483,16.0,22.24,20.0,40.0,9.0,4.0,2.449489742783178,10.187364723028228,400.0,25.0,2.0
N25_03_3.txt,0.6666666666666666,3.755,10.0,1.0,2.448463804102483,16.0,22.24,20.0,40.0,9.0,4.0,2.449489742783178,10.187364723028228,400.0,25.0,3.0
N25_03_4.txt,0.6666666666666666,3.755,10.0,1.0,2.448463804102483,16.0,22.24,20.0,40.0,9.0,4.0,2.449489742783178,10.187364723028228,400.0,25.0,4.0
N25_03_5.txt,0.6666666666666666,3.755,10.0,1.0,2.448463804102483,16.0,22.24,20.0,40.0,9.0,4.0,2.449489742783178,10.187364723028228,400.0,25.0,5.0
N25_04_2.txt,0.6666666666666666,3.755,10.0,1.0,2.448463804102483,16.0,48.16,20.0,80.0,9.0,4.0,2.449489742783178,24.876784358111877,400.0,25.0,2.0
N25_04_3.txt,0.6666666666666666,3.755,10.0,1.0,2.448463804102483,16.0,48.16,20.0,80.0,9.0,4.0,2.449489742783178,24.876784358111877,400.0,25.0,3.0
N25_04_4.txt,0.6666666666666666,3.755,10.0,1.0,2.448463804102483,16.0,48.16,20.0,80.0,9.0,4.0,2.449489742783178,24.876784358111877,400.0,25.0,4.0
N25_04_5.txt,0.6666666666666666,3.755,10.0,1.0,2.448463804102483,16.0,48.16,20.0,80.0,9.0,4.0,2.449489742783178,24.876784358111877,400.0,25.0,5.0
N25_05_2.txt,0.6666666666666666,3.755,10.0,1.0,2.448463804102483,16.0,15.04,20.0,24.0,9.0,4.0,2.449489742783178,6.526744977398764,400.0,25.0,2.0
N25_05_3.txt,0.6666666666666666,3.755,10.0,1.0,2.448463804102483,16.0,15.04,20.0,24.0,9.0,4.0,2.449489742783178,6.526744977398764,400.0,25.0,3.0
N25_05_4.txt,0.6666666666666666,3.755,10.0,1.0,2.448463804102483,16.0,15.04,20.0,24.0,9.0,4.0,2.449489742783178,6.526744977398764,400.0,25.0,4.0
N25_05_5.txt,0.6666666666666666,3.755,10.0,1.0,2.448463804102483,16.0,15.04,20.0,24.0,9.0,4.0,2.449489742783178,6.526744977398764,400.0,25.0,5.0
N30_01_2.txt,0.6735632183908046,3.7849829351535837,10.0,1.0,2.605752316746081,19.533333333333335,4.0,24.0,4.0,14.0,4.0,2.4729649321321876,0.0,586.0,30.0,2.0
N30_01_3.txt,0.6735632183908046,3.7849829351535837,10.0,1.0,2.605752316746081,19.533333333333335,4.0,24.0,4.0,14.0,4.0,2.4729649321321876,0.0,586.0,30.0,3.0
N30_01_4.txt,0.6735632183908046,3.7849829351535837,10.0,1.0,2.605752316746081,19.533333333333335,4.0,24.0,4.0,14.0,4.0,2.4729649321321876,0.0,586.0,30.0,4.0
N30_01_5.txt,0.6735632183908046,3.7849829351535837,10.0,1.0,2.605752316746081,19.533333333333335,4.0,24.0,4.0,14.0,4.0,2.4729649321321876,0.0,586.0,30.0,5.0
N30_02_2.txt,0.6735632183908046,3.7849829351535837,10.0,1.0,2.605752316746081,19.533333333333335,11.066666666666666,24.0,20.0,14.0,4.0,2.4729649321321876,4.809250345832383,586.0,30.0,2.0
N30_02_3.txt,0.6735632183908046,3.7849829351535837,10.0,1.0,2.605752316746081,19.533333333333335,11.066666666666666,24.0,20.0,14.0,4.0,2.4729649321321876,4.809250345832383,586.0,30.0,3.0
N30_02_4.txt,0.6735632183908046,3.7849829351535837,10.0,1.0,2.605752316746081,19.533333333333335,11.066666666666666,24.0,20.0,14.0,4.0,2.4729649321321876,4.809250345832383,586.0,30.0,4.0
N30_02_5.txt,0.6735632183908046,3.7849829351535837,10.0,1.0,2.605752316746081,19.533333333333335,11.066666666666666,24.0,20.0,14.0,4.0,2.4729649321321876,4.809250345832383,586.0,30.0,5.0
N30_03_2.txt,0.6735632183908046,3.7849829351535837,10.0,1.0,2.605752316746081,19.533333333333335,24.4,24.0,40.0,14.0,4.0,2.4729649321321876,10.242395553124604,586.0,30.0,2.0
N30_03_3.txt,0.6735632183908046,3.7849829351535837,10.0,1.0,2.605752316746081,19.533333333333335,24.4,24.0,40.0,14.0,4.0,2.4729649321321876,10.242395553124604,586.0,30.0,3.0
N30_03_4.txt,0.6735632183908046,3.7849829351535837,10.0,1.0,2.605752316746081,19.533333333333335,24.4,24.0,40.0,14.0,4.0,2.4729649321321876,10.242395553124604,586.0,30.0,4.0
N30_03_5.txt,0.6735632183908046,3.7849829351535837,10.0,1.0,2.605752316746081,19.533333333333335,24.4,24.0,40.0,14.0,4.0,2.4729649321321876,10.242395553124604,586.0,30.0,5.0
N30_04_2.txt,0.6735632183908046,3.7849829351535837,10.0,1.0,2.605752316746081,19.533333333333335,31.866666666666667,24.0,60.0,14.0,4.0,2.4729649321321876,20.61671382371324,586.0,30.0,2.0
N30_04_3.txt,0.6735632183908046,3.7849829351535837,10.0,1.0,2.605752316746081,19.533333333333335,31.866666666666667,24.0,60.0,14.0,4.0,2.4729649321321876,20.61671382371324,586.0,30.0,3.0
N30_04_4.txt,0.6735632183908046,3.7849829351535837,10.0,1.0,2.605752316746081,19.533333333333335,31.866666666666667,24.0,60.0,14.0,4.0,2.4729649321321876,20.61671382371324,586.0,30.0,4.0
N30_04_5.txt,0.6735632183908046,3.7849829351535837,10.0,1.0,2.605752316746081,19.533333333333335,31.866666666666667,24.0,60.0,14.0,4.0,2.4729649321321876,20.61671382371324,586.0,30.0,5.0
N30_05_2.txt,0.6735632183908046,3.7849829351535837,10.0,1.0,2.605752316746081,19.533333333333335,63.86666666666667,24.0,120.0,14.0,4.0,2.4729649321321876,36.27279360010138,586.0,30.0,2.0
N30_05_3.txt,0.6735632183908046,3.7849829351535837,10.0,1.0,2.605752316746081,19.533333333333335,63.86666666666667,24.0,120.0,14.0,4.0,2.4729649321321876,36.27279360010138,586.0,30.0,3.0
N30_05_4.txt,0.6735632183908046,3.7849829351535837,10.0,1.0,2.605752316746081,19.533333333333335,63.86666666666667,24.0,120.0,14.0,4.0,2.4729649321321876,36.27279360010138,586.0,30.0,4.0
N30_05_5.txt,0.6735632183908046,3.7849829351535837,10.0,1.0,2.605752316746081,19.533333333333335,63.86666666666667,24.0,120.0,14.0,4.0,2.4729649321321876,36.27279360010138,586.0,30.0,5.0
N40_01_2.txt,0.5064102564102564,5.379746835443038,10.0,1.0,2.846733848956341,19.75,22.5,26.0,40.0,11.0,8.0,3.0062435031114827,10.979526401443735,790.0,40.0,2.0
N40_01_3.txt,0.5064102564102564,5.379746835443038,10.0,1.0,2.846733848956341,19.75,22.5,26.0,40.0,11.0,8.0,3.0062435031114827,10.979526401443735,790.0,40.0,3.0
N40_01_4.txt,0.5064102564102564,5.379746835443038,10.0,1.0,2.846733848956341,19.75,22.5,26.0,40.0,11.0,8.0,3.0062435031114827,10.979526401443735,790.0,40.0,4.0
N40_01_5.txt,0.5064102564102564,5.379746835443038,10.0,1.0,2.846733848956341,19.75,22.5,26.0,40.0,11.0,8.0,3.0062435031114827,10.979526401443735,790.0,40.0,5.0
N40_02_2.txt,0.5474358974358975,5.334894613583138,10.0,1.0,2.908080509347513,21.35,20.3,27.0,40.0,16.0,4.0,2.8332843133014376,11.709397934992216,854.0,40.0,2.0
N40_02_3.txt,0.5474358974358975,5.334894613583138,10.0,1.0,2.908080509347513,21.35,20.3,27.0,40.0,16.0,4.0,2.8332843133014376,11.709397934992216,854.0,40.0,3.0
N40_02_4.txt,0.5474358974358975,5.334894613583138,10.0,1.0,2.908080509347513,21.35,20.3,27.0,40.0,16.0,4.0,2.8332843133014376,11.709397934992216,854.0,40.0,4.0
N40_02_5.txt,0.5474358974358975,5.334894613583138,10.0,1.0,2.908080509347513,21.35,20.3,27.0,40.0,16.0,4.0,2.8332843133014376,11.709397934992216,854.0,40.0,5.0
N40_03_2.txt,0.4641025641025641,5.580110497237569,10.0,1.0,2.880769155454302,18.1,19.9,23.0,40.0,13.0,4.0,2.3430749027719964,12.94565564195186,724.0,40.0,2.0
N40_03_3.txt,0.4641025641025641,5.580110497237569,10.0,1.0,2.880769155454302,18.1,19.9,23.0,40.0,13.0,4.0,2.3430749027719964,12.94565564195186,724.0,40.0,3.0
N40_03_4.txt,0.4641025641025641,5.580110497237569,10.0,1.0,2.880769155454302,18.1,19.9,23.0,40.0,13.0,4.0,2.3430749027719964,12.94565564195186,724.0,40.0,4.0
N40_03_5.txt,0.4641025641025641,5.580110497237569,10.0,1.0,2.880769155454302,18.1,19.9,23.0,40.0,13.0,4.0,2.3430749027719964,12.94565564195186,724.0,40.0,5.0
N40_04_2.txt,0.49743589743589745,5.417525773195877,10.0,1.0,2.9271044173302614,19.4,18.6,29.0,40.0,13.0,4.0,3.254228019054596,12.823416081528352,776.0,40.0,2.0
N40_04_3.txt,0.49743589743589745,5.417525773195877,10.0,1.0,2.9271044173302614,19.4,18.6,29.0,40.0,13.0,4.0,3.254228019054596,12.823416081528352,776.0,40.0,3.0
N40_04_4.txt,0.49743589743589745,5.417525773195877,10.0,1.0,2.9271044173302614,19.4,18.6,29.0,40.0,13.0,4.0,3.254228019054596,12.823416081528352,776.0,40.0,4.0
N40_04_5.txt,0.49743589743589745,5.417525773195877,10.0,1.0,2.9271044173302614,19.4,18.6,29.0,40.0,13.0,4.0,3.254228019054596,12.823416081528352,776.0,40.0,5.0
N40_05_2.txt,0.5025641025641026,5.313775510204081,10.0,1.0,2.8998617191894938,19.6,23.2,27.0,40.0,12.0,4.0,3.3075670817082456,12.073110618229256,784.0,40.0,2.0
N40_05_3.txt,0.5025641025641026,5.313775510204081,10.0,1.0,2.8998617191894938,19.6,23.2,27.0,40.0,12.0,4.0,3.3075670817082456,12.073110618229256,784.0,40.0,3.0
N40_05_4.txt,0.5025641025641026,5.313775510204081,10.0,1.0,2.8998617191894938,19.6,23.2,27.0,40.0,12.0,4.0,3.3075670817082456,12.073110618229256,784.0,40.0,4.0
N40_05_5.txt,0.5025641025641026,5.313775510204081,10.0,1.0,2.8998617191894938,19.6,23.2,27.0,40.0,12.0,4.0,3.3075670817082456,12.073110618229256,784.0,40.0,5.0
P1_2.txt,0.6837121212121212,3.706371191135734,10.0,1.0,2.510297543510326,21.87878787878788,22.78787878787879,25.0,36.0,16.0,12.0,2.3964313842142477,8.44144744071765,722.0,33.0,2.0
P1_3.txt,0.6837121212121212,3.706371191135734,10.0,1.0,2.510297543510326,21.87878787878788,22.78787878787879,25.0,36.0,16.0,12.0,2.3964313842142477,8.44144744071765,722.0,33.0,3.0
P1_4.txt,0.6837121212121212,3.706371191135734,10.0,1.0,2.510297543510326,21.87878787878788,22.78787878787879,25.0,36.0,16.0,12.0,2.3964313842142477,8.44144744071765,722.0,33.0,4.0
P1_5.txt,0.6837121212121212,3.706371191135734,10.0,1.0,2.510297543510326,21.87878787878788,22.78787878787879,25.0,36.0,16.0,12.0,2.3964313842142477,8.44144744071765,722.0,33.0,5.0
P2_2.txt,0.6799242424242424,3.6072423398328692,10.0,1.0,2.5010422172504727,21.757575757575758,30.666666666666668,26.0,76.0,16.0,12.0,2.387217259543167,19.21279035255715,718.0,33.0,2.0
P2_3.txt,0.6799242424242424,3.6072423398328692,10.0,1.0,2.5010422172504727,21.757575757575758,30.666666666666668,26.0,76.0,16.0,12.0,2.387217259543167,19.21279035255715,718.0,33.0,3.0
P2_4.txt,0.6799242424242424,3.6072423398328692,10.0,1.0,2.5010422172504727,21.757575757575758,30.666666666666668,26.0,76.0,16.0,12.0,2.387217259543167,19.21279035255715,718.0,33.0,4.0
P2_5.txt,0.6799242424242424,3.6072423398328692,10.0,1.0,2.5010422172504727,21.757575757575758,30.666666666666668,26.0,76.0,16.0,12.0,2.387217259543167,19.21279035255715,718.0,33.0,5.0
P3_2.txt,0.6837121212121212,3.706371191135734,10.0,1.0,2.510297543510326,21.87878787878788,30.666666666666668,25.0,76.0,16.0,12.0,2.3964313842142477,19.21279035255715,722.0,33.0,2.0
P3_3.txt,0.6837121212121212,3.706371191135734,10.0,1.0,2.510297543510326,21.87878787878788,30.666666666666668,25.0,76.0,16.0,12.0,2.3964313842142477,19.21279035255715,722.0,33.0,3.0
P3_4.txt,0.6837121212121212,3.706371191135734,10.0,1.0,2.510297543510326,21.87878787878788,30.666666666666668,25.0,76.0,16.0,12.0,2.3964313842142477,19.21279035255715,722.0,33.0,4.0
P3_5.txt,0.6837121212121212,3.706371191135734,10.0,1.0,2.510297543510326,21.87878787878788,30.666666666666668,25.0,76.0,16.0,12.0,2.3964313842142477,19.21279035255715,722.0,33.0,5.0
P4_2.txt,0.6739495798319328,3.663341645885287,10.0,1.0,2.5636783512688184,22.914285714285715,22.4,28.0,36.0,18.0,12.0,2.2974697706256713,8.616263691415208,802.0,35.0,2.0
P4_3.txt,0.6739495798319328,3.663341645885287,10.0,1.0,2.5636783512688184,22.914285714285715,22.4,28.0,36.0,18.0,12.0,2.2974697706256713,8.616263691415208,802.0,35.0,3.0
P4_4.txt,0.6739495798319328,3.663341645885287,10.0,1.0,2.5636783512688184,22.914285714285715,22.4,28.0,36.0,18.0,12.0,2.2974697706256713,8.616263691415208,802.0,35.0,4.0
P4_5.txt,0.6739495798319328,3.663341645885287,10.0,1.0,2.5636783512688184,22.914285714285715,22.4,28.0,36.0,18.0,12.0,2.2974697706256713,8.616263691415208,802.0,35.0,5.0
P5_2.txt,0.6739495798319328,3.663341645885287,10.0,1.0,2.5636783512688184,22.914285714285715,20.34285714285714,28.0,36.0,18.0,8.0,2.2974697706256713,7.906391111509933,802.0,35.0,2.0
P5_3.txt,0.6739495798319328,3.663341645885287,10.0,1.0,2.5636783512688184,22.914285714285715,20.34285714285714,28.0,36.0,18.0,8.0,2.2974697706256713,7.906391111509933,802.0,35.0,3.0
P5_4.txt,0.6739495798319328,3.663341645885287,10.0,1.0,2.5636783512688184,22.914285714285715,20.34285714285714,28.0,36.0,18.0,8.0,2.2974697706256713,7.906391111509933,802.0,35.0,4.0
P5_5.txt,0.6739495798319328,3.663341645885287,10.0,1.0,2.5636783512688184,22.914285714285715,20.34285714285714,28.0,36.0,18.0,8.0,2.2974697706256713,7.906391111509933,802.0,35.0,5.0
P6_2.txt,0.6756302521008404,3.6492537313432836,10.0,1.0,2.52723708895299,22.97142857142857,22.62857142857143,28.0,36.0,17.0,12.0,2.7410708469054756,8.864328882132718,804.0,35.0,2.0
P6_3.txt,0.6756302521008404,3.6492537313432836,10.0,1.0,2.52723708895299,22.97142857142857,22.62857142857143,28.0,36.0,17.0,12.0,2.7410708469054756,8.864328882132718,804.0,35.0,3.0
P6_4.txt,0.6756302521008404,3.6492537313432836,10.0,1.0,2.52723708895299,22.97142857142857,22.62857142857143,28.0,36.0,17.0,12.0,2.7410708469054756,8.864328882132718,804.0,35.0,4.0
P6_5.txt,0.6756302521008404,3.6492537313432836,10.0,1.0,2.52723708895299,22.97142857142857,22.62857142857143,28.0,36.0,17.0,12.0,2.7410708469054756,8.864328882132718,804.0,35.0,5.0
S10_2.txt,0.8,5.305555555555555,12.0,1.0,2.7164053498495693,7.2,24.0,8.0,36.0,7.0,8.0,0.39999999999999997,9.121403400793104,72.0,10.0,2.0
S10_3.txt,0.8,5.305555555555555,12.0,1.0,2.7164053498495693,7.2,24.0,8.0,36.0,7.0,8.0,0.39999999999999997,9.121403400793104,72.0,10.0,3.0
S10_4.txt,0.8,5.305555555555555,12.0,1.0,2.7164053498495693,7.2,24.0,8.0,36.0,7.0,8.0,0.39999999999999997,9.121403400793104,72.0,10.0,4.0
S10_5.txt,0.8,5.305555555555555,12.0,1.0,2.7164053498495693,7.2,24.0,8.0,36.0,7.0,8.0,0.39999999999999997,9.121403400793104,72.0,10.0,5.0
S11_2.txt,0.8727272727272727,8.583333333333334,20.0,1.0,5.423073134507982,8.727272727272727,24.363636363636363,10.0,40.0,6.0,12.0,1.3545149477955762,9.716646702463555,96.0,11.0,2.0
S11_3.txt,0.8727272727272727,8.583333333333334,20.0,1.0,5.423073134507982,8.727272727272727,24.363636363636363,10.0,40.0,6.0,12.0,1.3545149477955762,9.716646702463555,96.0,11.0,3.0
S11_4.txt,0.8727272727272727,8.583333333333334,20.0,1.0,5.423073134507982,8.727272727272727,24.363636363636363,10.0,40.0,6.0,12.0,1.3545149477955762,9.716646702463555,96.0,11.0,4.0
S11_5.txt,0.8727272727272727,8.583333333333334,20.0,1.0,5.423073134507982,8.727272727272727,24.363636363636363,10.0,40.0,6.0,12.0,1.3545149477955762,9.716646702463555,96.0,11.0,5.0
S9H_2.txt,1.0,6.416666666666667,8.0,5.0,1.0374916331657276,8.0,26.22222222222222,8.0,32.0,8.0,20.0,0.0,4.262961354055751,72.0,9.0,2.0
S9H_3.txt,1.0,6.416666666666667,8.0,5.0,1.0374916331657276,8.0,26.22222222222222,8.0,32.0,8.0,20.0,0.0,4.262961354055751,72.0,9.0,3.0
S9H_4.txt,1.0,6.416666666666667,8.0,5.0,1.0374916331657276,8.0,26.22222222222222,8.0,32.0,8.0,20.0,0.0,4.262961354055751,72.0,9.0,4.0
S9H_5.txt,1.0,6.416666666666667,8.0,5.0,1.0374916331657276,8.0,26.22222222222222,8.0,32.0,8.0,20.0,0.0,4.262961354055751,72.0,9.0,5.0
S9_2.txt,0.8611111111111112,5.32258064516129,8.0,1.0,2.1309863954727413,6.888888888888889,24.88888888888889,8.0,36.0,6.0,8.0,0.8748897637790901,9.938079899999064,62.0,9.0,2.0
S9_3.txt,0.8611111111111112,5.32258064516129,8.0,1.0,2.1309863954727413,6.888888888888889,24.88888888888889,8.0,36.0,6.0,8.0,0.8748897637790901,9.938079899999064,62.0,9.0,3.0
S9_4.txt,0.8611111111111112,5.32258064516129,8.0,1.0,2.1309863954727413,6.888888888888889,24.88888888888889,8.0,36.0,6.0,8.0,0.8748897637790901,9.938079899999064,62.0,9.0,4.0
S9_5.txt,0.8611111111111112,5.32258064516129,8.0,1.0,2.1309863954727413,6.888888888888889,24.88888888888889,8.0,36.0,6.0,8.0,0.8748897637790901,9.938079899999064,62.0,9.0,5.0
sko42_01_2.txt,0.7003484320557491,3.8391376451077943,10.0,1.0,2.6813638368990387,28.714285714285715,4.0,33.0,4.0,23.0,4.0,2.196162391923849,0.0,1206.0,42.0,2.0
sko42_01_3.txt,0.7003484320557491,3.8391376451077943,10.0,1.0,2.6813638368990387,28.714285714285715,4.0,33.0,4.0,23.0,4.0,2.196162391923849,0.0,1206.0,42.0,3.0
sko42_01_4.txt,0.7003484320557491,3.8391376451077943,10.0,1.0,2.6813638368990387,28.714285714285715,4.0,33.0,4.0,23.0,4.0,2.196162391923849,0.0,1206.0,42.0,4.0
sko42_01_5.txt,0.7003484320557491,3.8391376451077943,10.0,1.0,2.6813638368990387,28.714285714285715,4.0,33.0,4.0,23.0,4.0,2.196162391923849,0.0,1206.0,42.0,5.0
sko42_02_2.txt,0.7003484320557491,3.8391376451077943,10.0,1.0,2.6813638368990387,28.714285714285715,39.23809523809524,33.0,84.0,23.0,4.0,2.196162391923849,23.031871834078228,1206.0,42.0,2.0
sko42_02_3.txt,0.7003484320557491,3.8391376451077943,10.0,1.0,2.6813638368990387,28.714285714285715,39.23809523809524,33.0,84.0,23.0,4.0,2.196162391923849,23.031871834078228,1206.0,42.0,3.0
sko42_02_4.txt,0.7003484320557491,3.8391376451077943,10.0,1.0,2.6813638368990387,28.714285714285715,39.23809523809524,33.0,84.0,23.0,4.0,2.196162391923849,23.031871834078228,1206.0,42.0,4.0
sko42_02_5.txt,0.7003484320557491,3.8391376451077943,10.0,1.0,2.6813638368990387,28.714285714285715,39.23809523809524,33.0,84.0,23.0,4.0,2.196162391923849,23.031871834078228,1206.0,42.0,5.0
sko42_03_2.txt,0.7003484320557491,3.8391376451077943,10.0,1.0,2.6813638368990387,28.714285714285715,31.428571428571427,33.0,64.0,23.0,8.0,2.196162391923849,16.482520116406807,1206.0,42.0,2.0
sko42_03_3.txt,0.7003484320557491,3.8391376451077943,10.0,1.0,2.6813638368990387,28.714285714285715,31.428571428571427,33.0,64.0,23.0,8.0,2.196162391923849,16.482520116406807,1206.0,42.0,3.0
sko42_03_4.txt,0.7003484320557491,3.8391376451077943,10.0,1.0,2.6813638368990387,28.714285714285715,31.428571428571427,33.0,64.0,23.0,8.0,2.196162391923849,16.482520116406807,1206.0,42.0,4.0
sko42_03_5.txt,0.7003484320557491,3.8391376451077943,10.0,1.0,2.6813638368990387,28.714285714285715,31.428571428571427,33.0,64.0,23.0,8.0,2.196162391923849,16.482520116406807,1206.0,42.0,5.0
sko42_04_2.txt,0.7003484320557491,3.8391376451077943,10.0,1.0,2.6813638368990387,28.714285714285715,24.19047619047619,33.0,44.0,23.0,4.0,2.196162391923849,11.998488188970379,1206.0,42.0,2.0
sko42_04_3.txt,0.7003484320557491,3.8391376451077943,10.0,1.0,2.6813638368990387,28.714285714285715,24.19047619047619,33.0,44.0,23.0,4.0,2.196162391923849,11.998488188970379,1206.0,42.0,3.0
sko42_04_4.txt,0.7003484320557491,3.8391376451077943,10.0,1.0,2.6813638368990387,28.714285714285715,24.19047619047619,33.0,44.0,23.0,4.0,2.196162391923849,11.998488188970379,1206.0,42.0,4.0
sko42_04_5.txt,0.7003484320557491,3.8391376451077943,10.0,1.0,2.6813638368990387,28.714285714285715,24.19047619047619,33.0,44.0,23.0,4.0,2.196162391923849,11.998488188970379,1206.0,42.0,5.0
sko42_05_2.txt,0.7003484320557491,3.8391376451077943,10.0,1.0,2.6813638368990387,28.714285714285715,44.857142857142854,33.0,80.0,23.0,4.0,2.196162391923849,23.86526807744181,1206.0,42.0,2.0
sko42_05_3.txt,0.7003484320557491,3.8391376451077943,10.0,1.0,2.6813638368990387,28.714285714285715,44.857142857142854,33.0,80.0,23.0,4.0,2.196162391923849,23.86526807744181,1206.0,42.0,3.0
sko42_05_4.txt,0.7003484320557491,3.8391376451077943,10.0,1.0,2.6813638368990387,28.714285714285715,44.857142857142854,33.0,80.0,23.0,4.0,2.196162391923849,23.86526807744181,1206.0,42.0,4.0
sko42_05_5.txt,0.7003484320557491,3.8391376451077943,10.0,1.0,2.6813638368990387,28.714285714285715,44.857142857142854,33.0,80.0,23.0,4.0,2.196162391923849,23.86526807744181,1206.0,42.0,5.0
sko49_01_2.txt,0.689625850340136,3.8360049321824907,10.0,1.0,2.667146943593074,33.10204081632653,4.0,39.0,4.0,27.0,4.0,2.8802274425439056,0.0,1622.0,49.0,2.0
sko49_01_3.txt,0.689625850340136,3.8360049321824907,10.0,1.0,2.667146943593074,33.10204081632653,4.0,39.0,4.0,27.0,4.0,2.8802274425439056,0.0,1622.0,49.0,3.0
sko49_01_4.txt,0.689625850340136,3.8360049321824907,10.0,1.0,2.667146943593074,33.10204081632653,4.0,39.0,4.0,27.0,4.0,2.8802274425439056,0.0,1622.0,49.0,4.0
sko49_01_5.txt,0.689625850340136,3.8360049321824907,10.0,1.0,2.667146943593074,33.10204081632653,4.0,39.0,4.0,27.0,4.0,2.8802274425439056,0.0,1622.0,49.0,5.0
sko49_02_2.txt,0.689625850340136,3.8360049321824907,10.0,1.0,2.667146943593074,33.10204081632653,46.04081632653061,39.0,84.0,27.0,4.0,2.8802274425439056,21.83608620055574,1622.0,49.0,2.0
sko49_02_3.txt,0.689625850340136,3.8360049321824907,10.0,1.0,2.667146943593074,33.10204081632653,46.04081632653061,39.0,84.0,27.0,4.0,2.8802274425439056,21.83608620055574,1622.0,49.0,3.0
sko49_02_4.txt,0.689625850340136,3.8360049321824907,10.0,1.0,2.667146943593074,33.10204081632653,46.04081632653061,39.0,84.0,27.0,4.0,2.8802274425439056,21.83608620055574,1622.0,49.0,4.0
sko49_02_5.txt,0.689625850340136,3.8360049321824907,10.0,1.0,2.667146943593074,33.10204081632653,46.04081632653061,39.0,84.0,27.0,4.0,2.8802274425439056,21.83608620055574,1622.0,49.0,5.0
sko49_03_2.txt,0.689625850340136,3.8360049321824907,10.0,1.0,2.667146943593074,33.10204081632653,35.59183673469388,39.0,64.0,27.0,4.0,2.8802274425439056,16.368110318601715,1622.0,49.0,2.0
sko49_03_3.txt,0.689625850340136,3.8360049321824907,10.0,1.0,2.667146943593074,33.10204081632653,35.59183673469388,39.0,64.0,27.0,4.0,2.8802274425439056,16.368110318601715,1622.0,49.0,3.0
sko49_03_4.txt,0.689625850340136,3.8360049321824907,10.0,1.0,2.667146943593074,33.10204081632653,35.59183673469388,39.0,64.0,27.0,4.0,2.8802274425439056,16.368110318601715,1622.0,49.0,4.0
sko49_03_5.txt,0.689625850340136,3.8360049321824907,10.0,1.0,2.667146943593074,33.10204081632653,35.59183673469388,39.0,64.0,27.0,4.0,2.8802274425439056,16.368110318601715,1622.0,49.0,5.0
sko49_04_2.txt,0.689625850340136,3.8360049321824907,10.0,1.0,2.667146943593074,33.10204081632653,25.714285714285715,39.0,44.0,27.0,4.0,2.8802274425439056,10.443238218569752,1622.0,49.0,2.0
sko49_04_3.txt,0.689625850340136,3.8360049321824907,10.0,1.0,2.667146943593074,33.10204081632653,25.714285714285715,39.0,44.0,27.0,4.0,2.8802274425439056,10.443238218569752,1622.0,49.0,3.0
sko49_04_4.txt,0.689625850340136,3.8360049321824907,10.0,1.0,2.667146943593074,33.10204081632653,25.714285714285715,39.0,44.0,27.0,4.0,2.8802274425439056,10.443238218569752,1622.0,49.0,4.0
sko49_04_5.txt,0.689625850340136,3.8360049321824907,10.0,1.0,2.667146943593074,33.10204081632653,25.714285714285715,39.0,44.0,27.0,4.0,2.8802274425439056,10.443238218569752,1622.0,49.0,5.0
sko49_05_2.txt,0.689625850340136,3.8360049321824907,10.0,1.0,2.667146943593074,33.10204081632653,70.12244897959184,39.0,120.0,27.0,4.0,2.8802274425439056,27.913593099362625,1622.0,49.0,2.0
sko49_05_3.txt,0.689625850340136,3.8360049321824907,10.0,1.0,2.667146943593074,33.10204081632653,70.12244897959184,39.0,120.0,27.0,4.0,2.8802274425439056,27.913593099362625,1622.0,49.0,3.0
sko49_05_4.txt,0.689625850340136,3.8360049321824907,10.0,1.0,2.667146943593074,33.10204081632653,70.12244897959184,39.0,120.0,27.0,4.0,2.8802274425439056,27.913593099362625,1622.0,49.0,4.0
sko49_05_5.txt,0.689625850340136,3.8360049321824907,10.0,1.0,2.667146943593074,33.10204081632653,70.12244897959184,39.0,120.0,27.0,4.0,2.8802274425439056,27.913593099362625,1622.0,49.0,5.0
sko56_01_2.txt,0.688961038961039,4.019792648444863,10.0,1.0,2.851093074505566,37.892857142857146,4.0,46.0,4.0,31.0,4.0,3.2605793275153445,0.0,2122.0,56.0,2.0
sko56_01_3.txt,0.688961038961039,4.019792648444863,10.0,1.0,2.851093074505566,37.892857142857146,4.0,46.0,4.0,31.0,4.0,3.2605793275153445,0.0,2122.0,56.0,3.0
sko56_01_4.txt,0.688961038961039,4.019792648444863,10.0,1.0,2.851093074505566,37.892857142857146,4.0,46.0,4.0,31.0,4.0,3.2605793275153445,0.0,2122.0,56.0,4.0
sko56_01_5.txt,0.688961038961039,4.019792648444863,10.0,1.0,2.851093074505566,37.892857142857146,4.0,46.0,4.0,31.0,4.0,3.2605793275153445,0.0,2122.0,56.0,5.0
sko56_02_2.txt,0.688961038961039,4.019792648444863,10.0,1.0,2.851093074505566,37.892857142857146,34.357142857142854,46.0,60.0,31.0,4.0,3.2605793275153445,14.238314220325899,2122.0,56.0,2.0
sko56_02_3.txt,0.688961038961039,4.019792648444863,10.0,1.0,2.851093074505566,37.892857142857146,34.357142857142854,46.0,60.0,31.0,4.0,3.2605793275153445,14.238314220325899,2122.0,56.0,3.0
sko56_02_4.txt,0.688961038961039,4.019792648444863,10.0,1.0,2.851093074505566,37.892857142857146,34.357142857142854,46.0,60.0,31.0,4.0,3.2605793275153445,14.238314220325899,2122.0,56.0,4.0
sko56_02_5.txt,0.688961038961039,4.019792648444863,10.0,1.0,2.851093074505566,37.892857142857146,34.357142857142854,46.0,60.0,31.0,4.0,3.2605793275153445,14.238314220325899,2122.0,56.0,5.0
sko56_03_2.txt,0.688961038961039,4.019792648444863,10.0,1.0,2.851093074505566,37.892857142857146,11.785714285714286,46.0,20.0,31.0,4.0,3.2605793275153445,4.923392724368769,2122.0,56.0,2.0
sko56_03_3.txt,0.688961038961039,4.019792648444863,10.0,1.0,2.851093074505566,37.892857142857146,11.785714285714286,46.0,20.0,31.0,4.0,3.2605793275153445,4.923392724368769,2122.0,56.0,3.0
sko56_03_4.txt,0.688961038961039,4.019792648444863,10.0,1.0,2.851093074505566,37.892857142857146,11.785714285714286,46.0,20.0,31.0,4.0,3.2605793275153445,4.923392724368769,2122.0,56.0,4.0
sko56_03_5.txt,0.688961038961039,4.019792648444863,10.0,1.0,2.851093074505566,37.892857142857146,11.785714285714286,46.0,20.0,31.0,4.0,3.2605793275153445,4.923392724368769,2122.0,56.0,5.0
sko56_04_2.txt,0.688961038961039,4.019792648444863,10.0,1.0,2.851093074505566,37.892857142857146,22.071428571428573,46.0,40.0,31.0,4.0,3.2605793275153445,9.709820402298798,2122.0,56.0,2.0
sko56_04_3.txt,0.688961038961039,4.019792648444863,10.0,1.0,2.851093074505566,37.892857142857146,22.071428571428573,46.0,40.0,31.0,4.0,3.2605793275153445,9.709820402298798,2122.0,56.0,3.0
sko56_04_4.txt,0.688961038961039,4.019792648444863,10.0,1.0,2.851093074505566,37.892857142857146,22.071428571428573,46.0,40.0,31.0,4.0,3.2605793275153445,9.709820402298798,2122.0,56.0,4.0
sko56_04_5.txt,0.688961038961039,4.019792648444863,10.0,1.0,2.851093074505566,37.892857142857146,22.071428571428573,46.0,40.0,31.0,4.0,3.2605793275153445,9.709820402298798,2122.0,56.0,5.0
sko56_05_2.txt,0.688961038961039,4.019792648444863,10.0,1.0,2.851093074505566,37.892857142857146,43.214285714285715,46.0,80.0,31.0,4.0,3.2605793275153445,22.455284365119212,2122.0,56.0,2.0
sko56_05_3.txt,0.688961038961039,4.019792648444863,10.0,1.0,2.851093074505566,37.892857142857146,43.214285714285715,46.0,80.0,31.0,4.0,3.2605793275153445,22.455284365119212,2122.0,56.0,3.0
sko56_05_4.txt,0.688961038961039,4.019792648444863,10.0,1.0,2.851093074505566,37.892857142857146,43.214285714285715,46.0,80.0,31.0,4.0,3.2605793275153445,22.455284365119212,2122.0,56.0,4.0
sko56_05_5.txt,0.688961038961039,4.019792648444863,10.0,1.0,2.851093074505566,37.892857142857146,43.214285714285715,46.0,80.0,31.0,4.0,3.2605793275153445,22.455284365119212,2122.0,56.0,5.0
sko64_05_2.txt,0.6875,3.9776334776334776,10.0,1.0,2.7311345075395472,43.3125,23.3125,52.0,40.0,33.0,4.0,4.026765916961153,9.862927747378057,2772.0,64.0,2.0
sko64_05_3.txt,0.6875,3.9776334776334776,10.0,1.0,2.7311345075395472,43.3125,23.3125,52.0,40.0,33.0,4.0,4.026765916961153,9.862927747378057,2772.0,64.0,3.0
sko64_05_4.txt,0.6875,3.9776334776334776,10.0,1.0,2.7311345075395472,43.3125,23.3125,52.0,40.0,33.0,4.0,4.026765916961153,9.862927747378057,2772.0,64.0,4.0
sko64_05_5.txt,0.6875,3.9776334776334776,10.0,1.0,2.7311345075395472,43.3125,23.3125,52.0,40.0,33.0,4.0,4.026765916961153,9.862927747378057,2772.0,64.0,5.0
ste36_01_2.txt,0.273015873015873,15.261627906976743,316.0,1.0,28.61525316381086,9.555555555555555,4.0,26.0,4.0,0.0,4.0,5.732191962186717,0.0,344.0,36.0,2.0
ste36_01_3.txt,0.273015873015873,15.261627906976743,316.0,1.0,28.61525316381086,9.555555555555555,4.0,26.0,4.0,0.0,4.0,5.732191962186717,0.0,344.0,36.0,3.0
ste36_01_4.txt,0.273015873015873,15.261627906976743,316.0,1.0,28.61525316381086,9.555555555555555,4.0,26.0,4.0,0.0,4.0,5.732191962186717,0.0,344.0,36.0,4.0
ste36_01_5.txt,0.273015873015873,15.261627906976743,316.0,1.0,28.61525316381086,9.555555555555555,4.0,26.0,4.0,0.0,4.0,5.732191962186717,0.0,344.0,36.0,5.0
ste36_02_2.txt,0.273015873015873,15.261627906976743,316.0,1.0,28.61525316381086,9.555555555555555,70.77777777777777,26.0,148.0,0.0,4.0,5.732191962186717,40.44001807280005,344.0,36.0,2.0
ste36_02_3.txt,0.273015873015873,15.261627906976743,316.0,1.0,28.61525316381086,9.555555555555555,70.77777777777777,26.0,148.0,0.0,4.0,5.732191962186717,40.44001807280005,344.0,36.0,3.0
ste36_02_4.txt,0.273015873015873,15.261627906976743,316.0,1.0,28.61525316381086,9.555555555555555,70.77777777777777,26.0,148.0,0.0,4.0,5.732191962186717,40.44001807280005,344.0,36.0,4.0
ste36_02_5.txt,0.273015873015873,15.261627906976743,316.0,1.0,28.61525316381086,9.555555555555555,70.77777777777777,26.0,148.0,0.0,4.0,5.732191962186717,40.44001807280005,344.0,36.0,5.0
ste36_03_2.txt,0.273015873015873,15.261627906976743,316.0,1.0,28.61525316381086,9.555555555555555,43.55555555555556,26.0,76.0,0.0,4.0,5.732191962186717,19.40853827635382,344.0,36.0,2.0
ste36_03_3.txt,0.273015873015873,15.261627906976743,316.0,1.0,28.61525316381086,9.555555555555555,43.55555555555556,26.0,76.0,0.0,4.0,5.732191962186717,19.40853827635382,344.0,36.0,3.0
ste36_03_4.txt,0.273015873015873,15.261627906976743,316.0,1.0,28.61525316381086,9.555555555555555,43.55555555555556,26.0,76.0,0.0,4.0,5.732191962186717,19.40853827635382,344.0,36.0,4.0
ste36_03_5.txt,0.273015873015873,15.261627906976743,316.0,1.0,28.61525316381086,9.555555555555555,43.55555555555556,26.0,76.0,0.0,4.0,5.732191962186717,19.40853827635382,344.0,36.0,5.0
ste36_04_2.txt,0.273015873015873,15.261627906976743,316.0,1.0,28.61525316381086,9.555555555555555,39.55555555555556,26.0,76.0,0.0,4.0,5.732191962186717,21.119296658696392,344.0,36.0,2.0
ste36_04_3.txt,0.273015873015873,15.261627906976743,316.0,1.0,28.61525316381086,9.555555555555555,39.55555555555556,26.0,76.0,0.0,4.0,5.732191962186717,21.119296658696392,344.0,36.0,3.0
ste36_04_4.txt,0.273015873015873,15.261627906976743,316.0,1.0,28.61525316381086,9.555555555555555,39.55555555555556,26.0,76.0,0.0,4.0,5.732191962186717,21.119296658696392,344.0,36.0,4.0
ste36_04_5.txt,0.273015873015873,15.261627906976743,316.0,1.0,28.61525316381086,9.555555555555555,39.55555555555556,26.0,76.0,0.0,4.0,5.732191962186717,21.119296658696392,344.0,36.0,5.0
ste36_05_2.txt,0.273015873015873,15.261627906976743,316.0,1.0,28.61525316381086,9.555555555555555,38.0,26.0,76.0,0.0,4.0,5.732191962186717,16.505891204186597,344.0,36.0,2.0
ste36_05_3.txt,0.273015873015873,15.261627906976743,316.0,1.0,28.61525316381086,9.555555555555555,38.0,26.0,76.0,0.0,4.0,5.732191962186717,16.505891204186597,344.0,36.0,3.0
ste36_05_4.txt,0.273015873015873,15.261627906976743,316.0,1.0,28.61525316381086,9.555555555555555,38.0,26.0,76.0,0.0,4.0,5.732191962186717,16.505891204186597,344.0,36.0,4.0
ste36_05_5.txt,0.273015873015873,15.261627906976743,316.0,1.0,28.61525316381086,9.555555555555555,38.0,26.0,76.0,0.0,4.0,5.732191962186717,16.505891204186597,344.0,36.0,5.0
